,AG,AC,AT,GA,GC,GT,CA,CG,CT,TA,TG,TC
pam3,0.0,0.0,0.0,0.0,0.0,0.0,0.0,0.0,0.0,0.0,0.0,0.0
pam2,0.0,0.0,0.0,0.0,0.0,0.0,0.0,0.0,0.0,0.0,0.0,0.0
pam1,0.0,0.0,0.0,0.0,0.0,0.0,0.0,0.0,0.0,0.0,0.0,0.0
Pos 1,-0.56805,-0.58178,-0.42331,-0.27714,-0.56024,-0.27868,-0.56757,-0.74711,-0.55002,-0.36361,-0.52714,-0.45996
Pos 2,-0.599,-0.61679,-0.39424,-0.36308,-0.54598,-0.42143,-0.55491,-0.82869,-0.58133,-0.43905,-0.59182,-0.49532
Pos 3,-0.66145,-0.56597,-0.6615,-0.20688,-0.6018,-0.37752,-0.48986,-0.8703,-0.58625,-0.43137,-0.75761,-0.36082
Pos 4,-0.69069,-0.69243,-0.71495,-0.30262,-0.6697,-0.4885,-0.5794,-0.89933,-0.59832,-0.47008,-0.74169,-0.41144
Pos 5,-0.71398,-0.79875,-0.84307,-0.20782,-0.87939,-0.70739,-0.52696,-0.86454,-0.69148,-0.36362,-0.51502,-0.53045
Pos 6,-0.66798,-0.70948,-0.95477,-0.26552,-0.75065,-0.64198,-0.60329,-0.84658,-0.63069,-0.42807,-0.80279,-0.72122
Pos 7,-0.66963,-0.75755,-0.68857,-0.40324,-0.63795,-0.49812,-0.66223,-1.0,-0.53864,-0.48356,-0.83278,-0.69176
Pos 8,-0.55182,-0.61249,-0.62336,-0.24668,-0.59967,-0.54105,-0.5444,-0.82339,-0.4421,-0.42417,-0.67723,-0.38247
Pos 9,-0.69695,-0.4792,-0.77177,-0.17294,-0.58409,-0.56924,-0.50666,-0.78049,-0.56664,-0.41802,-0.71231,-0.279
Pos 10,-0.53545,-0.59829,-0.65072,-0.08206,-0.60084,-0.50466,-0.40192,-0.71958,-0.52703,-0.36509,-0.58375,-0.38205
Pos 11,-0.52859,-0.52578,-0.55369,-0.21816,-0.54015,-0.44161,-0.47601,-0.6604,-0.43693,-0.37636,-0.67143,-0.37287
Pos 12,-0.47775,-0.47319,-0.44293,-0.20689,-0.48966,-0.36263,-0.31183,-0.54159,-0.42588,-0.23215,-0.41181,-0.24761
Pos 13,-0.4436,-0.51013,-0.49144,-0.17517,-0.53501,-0.35169,-0.39627,-0.59445,-0.44722,-0.3491,-0.48955,-0.20161
Pos 14,-0.44612,-0.42366,-0.49328,-0.20649,-0.59624,-0.433,-0.40611,-0.61898,-0.48278,-0.29938,-0.4608,-0.33393
Pos 15,-0.34276,-0.33716,-0.42574,-0.14198,-0.45867,-0.33032,-0.34222,-0.47217,-0.41706,-0.29468,-0.35678,-0.19603
Pos 16,-0.4193,-0.43195,-0.49117,-0.19628,-0.53012,-0.38446,-0.34778,-0.47643,-0.36669,-0.24765,-0.448,-0.26131
Pos 17,-0.27997,-0.32925,-0.3034,-0.21768,-0.4805,-0.42291,-0.25246,-0.36404,-0.30449,-0.30037,-0.20014,-0.26716
Pos 18,-0.30259,-0.35268,-0.25612,-0.20135,-0.31438,-0.22652,-0.20834,-0.33474,-0.23424,-0.20995,-0.26849,-0.23436
Pos 19,-0.25817,-0.19438,-0.24226,-0.10622,-0.26089,-0.19016,-0.19501,-0.26789,-0.1841,-0.1447,-0.22721,-0.15112
Pos 20,-0.22891,-0.18421,-0.22963,-0.03227,-0.19285,-0.15672,-0.19489,-0.20851,-0.23635,-0.14856,-0.25098,-0.26698
